category,sub_category,machine_name,sparepartspage_name,sparepartspage_path,related_machines,other_pages,brand
Industrial Sewing Machines,Single Needle Sewing Machines,Swastik SW-9100-D1,Miscellaneous Cover,1,"[Swastik SW-9100-D1, Jack F5]","[2, 3, 4]",Swastik
Industrial Sewing Machines,Single Needle Sewing Machines,Swastik SW-9100-D1,Miscellaneous Cover and Base Parts,2,"[Swastik SW-9100-D1, Jack F5]","[1, 5, 9]",Swastik
Industrial Sewing Machines,Single Needle Sewing Machines,Swastik SW-9100-D1,Miscellaneous Bushing,3,"[Swastik SW-9100-D1, Jack F5]","[1, 3, 6, 9, 7]",Swastik
Industrial Sewing Machines,Single Needle Sewing Machines,Jack F5,Thread Eyelet Parts,4,"[Swastik SW-9100-D1, Jack F5]",,Jack
Industrial Sewing Machines,Single Needle Sewing Machines,Jack F5,Looper and Thread Eyelet Parts,5,"[Swastik SW-9100-D1, Jack F5]",,Jack
Bag Closer Sewing Machines,,Revo DA,Main Driving Shaft Mechanism,6,"[Revo DA, Revo R-18HD]",,Revo
Bag Closer Sewing Machines,,Revo DA,Looper and Thread Eyelet Parts,7,"[Revo DA, Revo R-18HD]",,Revo
Bag Closer Sewing Machines,,Revo R-18HD,Needle Bar Mechanism,8,"[Revo DA, Revo R-18HD]",,Revo
Portable Sewing Machines,,Brother LX27NT,Looper Driving Mechanism,8,[Brother LX27NT],,Brother
